author,community_id
@martindre8,0
Ugyj9AgO4MIzPEOAwix4AaABAg,0
UgxMdr1ds-ehV3e1tRd4AaABAg,0
UgyrhTfLQ4XKp1FxhTB4AaABAg,0
@samadresch7809,1
UgwRqIMZjeC59xXa-XV4AaABAg,1
@z0rO999,1
@sportssaga4839,1
@Alucard-j7l,2
UgxIpqjN3o81XxOhLLV4AaABAg,2
UgwOcvI6TiHzZFLgxBd4AaABAg,1
UgxIuFGm-rBax5dnMO94AaABAg,1
@noone2262,1
UgyB4pr9LMd7sJiilXl4AaABAg,1
@--36--,1
@mohfar8605,1
@youneskhouloud2504,1
@Alsharaylive,1
@shush1501,1
@user-ox4hz3cn8b,1
@cillianmccauley,1
Ugx-3b9tDz9VLjK5jRx4AaABAg,1
@rox282,1
@SunsetNova,3
@StefanStefan-l7l,4
UgwlTpkj1YxgefWyQYV4AaABAg,4
@ahmedCHAKROUN-j5l,4
@Misericordia-e2c,5
UgzJ-kA_rSsu3PElR_h4AaABAg,5
@sunbet_RBX,5
@ismaelmouhabofficial,6
UgwDjNtkIoIB0pW5Ndl4AaABAg,6
@nagalon7255,6
@Sector-6D,6
@lifeisart5450,6
@Roblox_RussianEmpire,6
@mouaadwdh4767,6
@cvird,6
@zevorix,6
@rifleboy4837,6
@ophirbactrius8285,6
@oussdz99,6
@hinatasama9128,6
@yahiakantour4384,6
@minecraftlover-y1o,6
@datniggaeazye.5968,7
UgwN23LJC9Ixfo0Q-DV4AaABAg,7
@samimellouki3139,8
Ugyhy0b5M67lXzM7C3V4AaABAg,8
@Sosanakinedits,2
UgzkZw2LS2tgQ8CShuZ4AaABAg,2
@tahmidurrahmantahsan3643,6
Ugzs1KjV073xBJSKx9N4AaABAg,6
UgxnPanNiG0wJ3wGzeh4AaABAg,6
@Electro_Hiddens,8
@Morish.Maps.,6
@mybikinishop6684,6
UgwNiclKLVT0X-aYmq54AaABAg,8
@julianbashir8277,8
@Blackisciple,8
@h_elyy,8
UgzFkGDX7sJSErgtNmJ4AaABAg,8
@MA-nz1gk,8
Ugxmd9estfI2vUUJDYR4AaABAg,8
@FreeSaharawi,8
@LeilaMontes55,8
@212-y7p,9
UgwEzTfNLR2ZkIJcQjZ4AaABAg,9
@aaradhyadarshan19129,10
Ugy0eCOLqUKcMLv6cxp4AaABAg,10
UgwKR0aAgOYm1er2H2N4AaABAg,1
@logitech7989,1
Ugyh8IebLoO79c6hCbd4AaABAg,1
@Phoenix67614,1
@logiqueh7354,11
Ugy4ucc7yiraeUNi4WR4AaABAg,11
@vanityslams6693,11
@NovaAuraX,12
UgwirG0gwHuCaRPFSRx4AaABAg,12
@youssefbattouta9790,12
UgwQNi94OENSscnMK8B4AaABAg,12
Ugy3HVljcG6Z1iRwF8t4AaABAg,12
@Lmsabis1,12
@belhinaniabdelkhalek6481,12
UgygMKyRVSxobdVrmsN4AaABAg,12
@erolc82,12
@Jamal-b7j5g,12
@hakdh-mre,12
Ugyy5ddLcnTOk7r314F4AaABAg,12
UgxeLtZY1s_YQCiMY3p4AaABAg,12
@UserMA710,12
UgxK9UFwxC3Tb1lf9_Z4AaABAg,12
UgyFMZ1fPh07cR43DBJ4AaABAg,12
@redatoo,12
Ugybg8DFW-NfOxm5pMd4AaABAg,12
@keterscp1064,12
@morokko5stars68,12
@yugarten8523,12
UgwNDwUH-mL_NihI4SZ4AaABAg,12
@Phe9611,12
@higgs923,12
@brinjoness3386,12
@mohamedelkasmi1680,12
@melodieday-yf6dn,12
@bruxelleskarim,12
@admar1208,12
@Oussama-c7r,12
@ravvviiioliii,13
UgzP5wlHoAwO9PhK0nV4AaABAg,13
@ageupest5203,14
Ugz1jMLVenzpDFnAtEx4AaABAg,14
@Mmadingo,15
UgwiR_v1mKVAXA_uAF54AaABAg,15
@Voice-of-honor-u8f,15
@JibZiad,7
UgwipIgFbw9IQh-8TKx4AaABAg,7
@a.elhamri2798,7
@Doherty33,7
@malcomgreen4747,7
@ultrainstinct6715,7
Ugz6B2NHQoXdVPAR2lF4AaABAg,15
@Asmo_D_euss,15
@Muralidharan001,15
@wijdax,2
UgxXuZ72R66yc6xfFxl4AaABAg,16
@muftah.sahrawi,16
@The_wind_that_happened,16
@ZiggyStardust669,16
@BumbleBee-ur4uo,16
@M777fd,16
@picantokia9286,16
@Akinox_king,16
@TheKaiserofeurope,2
UgzOM0Uu0JgY2A8wHGJ4AaABAg,7
@xubha7246,7
@Rivan98,7
Ugz_SLgtscw-GOqsSdd4AaABAg,2
@7296ugdkgh,2
@YasserMaghribi,2
Ugx7p_vBS0E1lF0OMtB4AaABAg,2
@Andalusiano,2
@Geertwildersakaatrump,2
@BrianCox-n1u,2
@Unordinary-lg4yt,2
@Brraww278,2
Ugzm7UsMj2g-A7nmBEZ4AaABAg,2
@Flattithefish,2
@I.Freaking.Love.The_Moon,2
Ugyj0RRldDFJfVxpVyl4AaABAg,2
@DR_ndo,17
@itzrealbon,18
@yyyyyy-ro8ni,2
@Adam-be1kc,17
Ugw1RsY9xzKvvCwGN5h4AaABAg,17
@akremakrem7928,17
UgyF7l76L5xIA88B1vJ4AaABAg,17
@cobrayt1895,19
UgwbUUKMl_s55tzxJqd4AaABAg,19
@MGharriy,19
@Badrianolima,17
UgxyOwiZ2HwbfrW7HLB4AaABAg,17
@mohalkl5426,17
Ugw_gfVZ5sCWoPDnBtR4AaABAg,17
@maxkingjoe5460,17
UgyC9QRUEFbxzzg7XMB4AaABAg,19
@modmaker7617,20
Ugxb3HEkYfe0d0MUnv94AaABAg,20
@politicallyincorrectbeing8201,20
Ugz3bXcIVHVwjatEeMR4AaABAg,17
UgwKdRPjzkkKnWbuau94AaABAg,17
Ugxx6a17srfzdZj6pZV4AaABAg,17
Ugx7hfMva6LaRWTXUoN4AaABAg,17
Ugwcw7mHJ4J06FSleGF4AaABAg,17
@alahemy,17
UgyW1u-E_BrObr9Oo2l4AaABAg,17
@xandudicanda6303,17
@sausage-x3p,17
UgyFj8zj2mBqX-mfLgZ4AaABAg,17
@DAVIDGamer-i6q,17
@abdenour6576,17
@cmsacademy1673,17
Ugw-OU50FuCjTzAZMRJ4AaABAg,17
@Communistphilippines,17
Ugyc337S47uGfYjpEU14AaABAg,17
UgyzrqLYsdmG6Wou7TF4AaABAg,17
UgwebztLEIDBCYxh6994AaABAg,1
@trueme8442,1
@dsa_made_easy,21
Ugx68jotBKn25OtrvsZ4AaABAg,21
@Sohaib92,21
@airdreamgalaxy3554,22
UgwiNFiGr3rEMLeWPtB4AaABAg,22
@MrDinars2004,22
@IsmailEldarabi,22
@TheLordHyperSonic,22
@HelloCurve111,23
UgzjJpZeojdQsCAgTq94AaABAg,23
@AllalBenAdam-v8k,23
@elidrysyabdelhamid5579,24
Ugxsn9jWpc-v2wbL2wp4AaABAg,24
@monky5090,24
@Frenchkisssss,25
UgybipvdNPPehGxCT394AaABAg,25
@nourden13490,25
@bundz_,26
Ugwr9Up6_5hg_0vt3St4AaABAg,26
@sowelyass,27
UgxDAWEKBTKLX8i9FQB4AaABAg,27
@AhmedBenchawi-mor,27
@jeyaramsathees6128,28
UgyMoRo9SbESpqGs3UR4AaABAg,28
@bobmorane9200,28
@TheAlfatipo,28
@CogitoEdu,28
@Maesiz,28
UgzFZE86pokoto_DS-F4AaABAg,28
UgzmUIpU-vK8gR_LOWF4AaABAg,28
UgxFMf5LGvBgBjMz2Kx4AaABAg,28
Ugy3chAyrFRzss2Qtb94AaABAg,28
Ugzcs_zmw0QB3G6oFz94AaABAg,28
Ugwn3xJF4L8FjJOYqoJ4AaABAg,28
UgyxXrKeysb6PK6kgmJ4AaABAg,28
UgyirMJeIEt8k4qutE94AaABAg,28
UgxWNeOHXIBMxWe6m-54AaABAg,28
UgwuwUaKNI4q3LbF9kZ4AaABAg,28
@mayar_819,29
Ugy1iX_0Wxw59TNmrPB4AaABAg,29
@Ie4s,30
Ugwamn4K76hBTVC49qV4AaABAg,30
UgwjZzZ-HSvfrh0l_0R4AaABAg,17
@bilalhicham-1,31
Ugzp7EpuRerAPeRdch94AaABAg,31
@MRANONY2792,31
@Violin-Villain,18
UgzyF3cuyZyTXpfVkcJ4AaABAg,18
@MalikaMalika-dw8df,18
@azed-t3t,18
@sahnithy,18
UgzJf0oE5olNlWjmqWx4AaABAg,18
Ugy5PieGWTfe4_bqrm14AaABAg,18
@euwwi1278,18
UgzQXn5DHrJo7_05MOp4AaABAg,18
@siempre_lamisma_historia,18
Ugy7fJHOF7MuwAOoU1V4AaABAg,18
@kjellbrent8114,18
@mohamednsb-my8rc,18
UgyNiJMGO-ijONWUmOl4AaABAg,18
UgyxVo3HbGfB18bQ_n14AaABAg,18
@Ok-ok-ok-ok-ok,32
Ugz3Xe6isS9e3gR3Wol4AaABAg,32
UgwbAPLaOiM8-j2qcDB4AaABAg,32
@NoProxies,33
Ugypda7C3ulqaVcL8uR4AaABAg,33
@Souffledamour,33
@el_kapitan_fatpitan,33
@zlabiasanssucre-kb4ty,33
@lola-mo5sh,3
Ugwll5tzrNFHiL7Jw-B4AaABAg,3
@LXXXIV60,34
Ugy7HT_emOc6F-GPyDx4AaABAg,34
@meriemelk9407,34
@Basketballl00472,35
Ugx4wIbXeke-a-ttC1R4AaABAg,35
@mo_elly86,36
UgxqRzvohtJjtTfHd7Z4AaABAg,36
@mason.edwards96,37
UgwlnjnyWaM2Pd8ClI14AaABAg,37
@moel9940,38
Ugy47NoEnbnrIxdZ-oh4AaABAg,38
@Sidiredouane-wq1in,38
UgwEfs9C-ZrYiJhADTV4AaABAg,37
@askari4940,37
@hellalmeba3422,39
UgzkfpQcupjfMPwv8VN4AaABAg,39
@HL-jl4sf,40
Ugwl8NgftAKFBJWf5PZ4AaABAg,40
UgyuRhoE6q8gt_5uVg54AaABAg,1
@SamSung-sy6ox,41
UgwifsLzE9YbErIr2Nt4AaABAg,41
@priqito,40
Ugxd8I0rYMUJaH55jlx4AaABAg,40
@mgigelli820,40
@azizikhench5451,40
@borapobangpo,40
@PazConTomate,40
UgxDhsYpUf64XTDmFr94AaABAg,1
@hichamidrisi1344,42
UgzAVw9uDgdUbU4xRTd4AaABAg,42
@casablanca1706,7
UgwWm-gzCo8vaEp-d5N4AaABAg,7
@AlgeriaTrending333,7
@imaamsky,7
Ugze1xjJv6pt8gVG_u14AaABAg,7
@talveka,43
Ugx9gpe7osMuj781AUp4AaABAg,43
@jamemule5326,43
@Someone_555,43
@KeijiNomore,44
UgymVNTRvMLBIZRNqxJ4AaABAg,44
UgyKLoBQ0aU0Jy-Kj7d4AaABAg,43
@FaicalBoumdira,45
UgxBzaBrVhjv6ZWFFnR4AaABAg,45
@Abdelll-m8s,45
@annieisafckingtrashybitch66990,45
@youli3568,46
UgyXzsMqmpZU_nEpfVB4AaABAg,46
UgyaKRqwUO-D7gE4Bmx4AaABAg,43
@rimiarabi6071,43
@dutchpatriot17,45
UgwF3dZgtKrdsbI-Pyh4AaABAg,45
UgyoI5L-7AyKry1b_K14AaABAg,46
@Raindaas,47
UgyhOiOadrrzY7Xlwtx4AaABAg,47
@ha1fadev,48
UgxJR8dxH2K8JSDREWR4AaABAg,48
@Mourabitin1958,48
@MazinhoShenthen,48
UgwVqXL0_XQ3niAZZbl4AaABAg,48
UgwlvDVCONGcAJIjKON4AaABAg,48
@walid3397,48
@patxiaznar9656,48
@casanegra4494,48
UgxGjUEZAkc0_IHXZu14AaABAg,48
@dyBFxx5XFMoK,48
Ugx0RVmjmw7I9xenX9x4AaABAg,48
@dusscode,48
@Wizzy678,48
@sofienehafiene1477,48
UgzUFeQhorKP9r7kK2B4AaABAg,48
@paisgeo,48
@hachem__,48
@Freakykuna.8,48
UgyL3FJFv1iOehOdmM94AaABAg,48
@ximfo4883,48
UgwWvWxEpXtYeLth-_F4AaABAg,48
UgzSsrqJi_LjXiKA89N4AaABAg,48
@Hugohhhgg,48
@mouradblf6703,48
@Rolando_Cueva,48
@aminekaoukab4547,48
@dyfhebev,48
UgwCJocbdqsuOBEaiRl4AaABAg,48
@revenger8744,49
UgzBgdo4zA_7FiICUkp4AaABAg,49
@TheTrackRecord,50
Ugxo5QsVyAJr2SQTRJ54AaABAg,50
@GM-xk1nw,51
Ugynapmz9Thyw03q_ol4AaABAg,51
@Shaw737,52
UgxYTEtmKUO9uVvYqGB4AaABAg,52
@HmamouAbdellah,1
UgwgUK4G6aBdzhwjv314AaABAg,1
@BarbarosDosBelgicos,1
UgyQZ3La4dfxHCD_dSt4AaABAg,1
@ALGHOTTE,53
UgxPqtQ2l1OffUCgErR4AaABAg,53
@Isoform3,54
Ugx0xLwG3_HpORuVmht4AaABAg,54
@KZ-SHOP,54
@emirayub6418,54
@alphachief6085,54
@siaodong,54
@yesitsme691,54
UgyzvInb8gIJ55XgGgZ4AaABAg,54
@cagliari5984,54
@adilelnhaily1960,55
UgzJB1BT4Tw6m5uDpj14AaABAg,55
@anesanes2410,55
@wakeupmrye6908,56
UgxMmMt8Y8-JT6UywMt4AaABAg,56
UgxMX17R-2u9uA164PF4AaABAg,3
@Z5-XB,3
UgwU8ThZDK4wZvvv5eR4AaABAg,3
@mohamedalahyan313,3
UgzbssotwUeEFa4wH7N4AaABAg,3
@Keepcalmorgetout,3
Ugwwbru-jn-CiNtNP1l4AaABAg,8
UgxBR_L7Q48CRACfP-14AaABAg,3
@jaisbrennan7696,60
UgxDL8NiwpYj3ctcelF4AaABAg,60
UgytxcaT7m625-3_y5V4AaABAg,3
@Ataychiller,3
@Az-Ben,3
@thomasvanhiel6105,3
UgwwivmcaVVlwdW0g5p4AaABAg,3
@politicstoday8002,3
@franky3640,3
UgyjDPNgdfm_aEzkznN4AaABAg,3
UgwAtJSWutq-_79KfzB4AaABAg,3
@moroccanmars2767,3
@kyronhadel,3
@saadsaad4605,58
UgxaQ9ALvulEsIyy66J4AaABAg,58
@elmetkelem7524,58
@redabaroin968,59
UgwoJx_rEbwA6JBv3pN4AaABAg,59
UgyH1P10j5gBYQuB-AF4AaABAg,58
@beautifulbaby4585,58
@freewal,58
@rachidmohammedamine,58
UgzSYkwkb74VPTCWU-N4AaABAg,58
@ubuntu2551,58
@LasiadSH,58
Ugz26gnQsJQm5Afn4aF4AaABAg,58
Ugz2T9D1A_q8sagAd2N4AaABAg,2
@imadsbai1213,2
@General_Lee_Oliver,2
@Mr7Crash,2
Ugx_R80V4QHgvpJMbrR4AaABAg,32
@AnthonyGarcia-sy3yk,32
UgzEcUkzLMDQ1BMyHB54AaABAg,32
@bima155,61
UgxzJpK8V1EbmxEEkFl4AaABAg,61
@aryaszaky,62
UgyJebIFOL1KjcqrE8F4AaABAg,62
Ugzlw_s1d1c77d0yfjB4AaABAg,32
@PrimetimeX,4
Ugw-t_i7r0r40pcKLVV4AaABAg,4
@rinos7902,4
UgwD9QKu6KIqTtmiIax4AaABAg,4
UgzHCAOouOStsqh5FAV4AaABAg,4
@Letstravel_74,63
UgycOR8ArSyH22grZ5J4AaABAg,63
Ugzfv23N7VqaMf9e6u14AaABAg,4
UgwuQ2xao9PXvDtwa7d4AaABAg,40
@gromlucas4283,4
UgxFI_uqHemERt3kSL14AaABAg,4
UgzHAZaLAQ3dSNJCuxx4AaABAg,4
@jovannacarranza1881,4
@Arabosiq,4
@ald1050,64
UgxA7xrptzHtvEu3LQV4AaABAg,64
@Herbalist-athari,64
@HSchneider-t3i,65
Ugz2jJFoUo2n_Z1WLp14AaABAg,65
@tisanbobai8643,65
@KoreyGraham-h9i,65
@greenietales,65
UgxJ0_CotCOBOdTHxjR4AaABAg,65
@combdude,58
UgxHOChoCxQBpt-zUK94AaABAg,58
@joeletaxi7956,58
@simaccu,16
Ugxlg_QS_AhbaT23NoR4AaABAg,16
@عبدالحاكم-ص8ي,66
Ugy6qmmj4kBRjy37FpZ4AaABAg,66
@shahd5755,16
UgwrhBrnhsn0hyl9G9t4AaABAg,16
@OshinAttari,16
@Bruno-gj4jj,16
@user-fp8vl3mb2i,16
@northblue..,16
@aymanmillou2012,16
@ailel177,16
@Moccalocca100,16
Ugz1IX5Euw6TAQ8LSv94AaABAg,16
@mills9402,16
@al-batal,67
Ugx9jmN8fTVtED8RXgd4AaABAg,67
UgzKlvzw2En1vOIjwnl4AaABAg,16
@7addaribaba,16
@insider678-t4g,16
@zaidbenriane767,16
@bilalbehar8533,16
@damsco,16
@andresmora5192,16
@GRIZIUS3,16
@AntonioPeralesdelHierro,16
@Moist_.Gnu51,16
Ugwyp3itq8_-fDGs_vV4AaABAg,54
@spajjlak3713,68
UgwR28-zgVy9HdVTnoR4AaABAg,68
@baathi7358,69
UgwhltttM9hkcUd1prR4AaABAg,69
UgxtaBU87SRLP0oGHRN4AaABAg,67
@yeslem3792,16
UgyUWgUfxW8UgBQoyxp4AaABAg,16
@madrid7790,60
UgxmrRSzyOpJf_jxM9Z4AaABAg,60
@4y7v10,60
@JZS-1019,60
@abdelatlas1578,60
Ugyq_NFDUaT8LRCDQ514AaABAg,60
@kko5779,70
Ugy7iH0pBm-LtOI_Mid4AaABAg,70
@geoms6263,60
UgzH5CbGqtKBmWdmC-54AaABAg,60
@drok836,60
@abspeedy1779,58
Ugx9baP4t4T4FMJcf1l4AaABAg,58
@stevengreen9536,60
Ugw5saew-0FAIxFQLGJ4AaABAg,60
@mouhamedaminelaksiri7318,60
UgzeGqcMU5dfYEYWzZ54AaABAg,58
UgwGNX9Qw9W_iZUpu7x4AaABAg,58
@mohamedred5746,58
@yherosanime1092,60
UgzWGexSxE5yedxtDqN4AaABAg,60
Ugw8zBYBPZPwE25MvzZ4AaABAg,60
@mimovil8730,60
@Maurazio,60
@anaschiheb1015,60
@fluffycoffee3465,60
@danieljacob2354,60
UgzN_lZnxAL7gz1Lt7F4AaABAg,60
@Ass_of_Amalek,60
@benghazi4216,60
@darien4969,60
@tafsir5191,60
@Catch22-d3g,71
UgwjtaIvc5GsrgNUFAN4AaABAg,71
@afrench4683,72
UgxB_6IUWeOf8Pin2lh4AaABAg,72
@SomeLaPresenceOne,73
UgzK6ru3X9PnF0IRXvF4AaABAg,73
@mohamedanass3688,74
UgyQVnqOCFpHHr8HzOp4AaABAg,74
@noone-io4yj,74
@bln3615,75
UgxgjZzOMDnNAl-kCel4AaABAg,75
@dzpatrioteziridedjazairi8196,75
@Yousseffabidou,76
Ugz9NPp_54odT0ZxPIh4AaABAg,76
@funstuff8876,75
Ugwac5UohY9m8HQ5-r14AaABAg,75
@frankfurter9267,75
UgwvPXB-R_QsoT_pcBp4AaABAg,75
@Hadramidvp,75
UgzFjFO_NqCg6zrnbrZ4AaABAg,75
@husseinbnali8445,75
@alexandersam9538,75
@CN-bm4sc,75
@abdelhakwinston6200,77
UgwkhXh78A37dyumtHJ4AaABAg,77
@tanakatako6547,77
@xmanykl4400,78
UgytCnNeOSP8Hax1D1N4AaABAg,78
@masjidbgalkie8076,75
Ugxrp3V4WcUvGzfqv814AaABAg,75
@Makeitrealforever,75
@marocmonpays1307,75
Ugz_j2J1oLRvryqZc4x4AaABAg,75
@Dorka212,75
UgzufOWjYpR083Ej6-d4AaABAg,74
@guldarheel1204,75
UgxX_opjGSxE7ZCiaBN4AaABAg,75
@Casaoasissz,79
Ugzq1yE3qM7ETEZDFzh4AaABAg,79
@MaxMiller-j8s,80
UgzHbTW_ZpT5lTXfYdh4AaABAg,80
UgycP9Uwn3KEkiTI7EF4AaABAg,80
@SamB-f2y,81
UgxOYTKZ2TaHG-bgzjh4AaABAg,81
@MohaBakk-v7c,82
UgyiHoPC8f7IwwA5-l94AaABAg,82
@aminouchrif33,83
UgyOQktw6Ld3OLOuPF14AaABAg,83
@rachouak1195,84
UgyBVmBYlM8UnwQYBxp4AaABAg,84
@DonCorleone803,85
UgxP3c2HG7tm9ESRp_d4AaABAg,85
@angryyoungman66,85
@wassim9372,85
@salam11153,85
@mydrissafilalidrissialami9763,85
@muhammadsuleman9328,85
@namnamou9832,85
@abdel9285,85
@Sultan_Assfou,85
@watchwatc,85
@justice70567,85
@FilomenaMule,85
@TheGloriousLobsterEmperor,83
UgwDdGzGIkGPvmwfqKp4AaABAg,83
@mikebarton,86
Ugyl4t0r0hlaycGMzL54AaABAg,86
@LoopyWoopyCharlie,87
UgxtYveCfZ81SEDIOpd4AaABAg,87
@Ali_baba_II,88
Ugw-v2FrWd9ivXbEb7p4AaABAg,88
@DIEZ-we1cm,89
UgwvdMqP6emeO8MzoQJ4AaABAg,89
@InsideAfrica.,2
Ugxoa_m3Nc0QAJUfB4N4AaABAg,2
@casanegra2934,57
UgyOvVd8qy259tlryIh4AaABAg,57
@progamer-gt9iy,57
UgyciKvz0AyyHKngjbN4AaABAg,57
@disconnect7401,57
@bm7586,57
UgwFz-B9bwxDj6UaTVR4AaABAg,57
@independenceforkabylietizi636,57
@kaguyaotsutsuky5840,57
UgxutzoKF2PV5WHr3BB4AaABAg,57
UgzCQEJjcDRdAcwCBIp4AaABAg,57
@ابنالصحراءالغربية-ق4ط,57
@smoreno5532,57
